accountnumber,address1_city,address1_country,address1_fax,address1_line1,address1_line2,address1_line3,address1_name,address1_postalcode,address1_primarycontactname,address1_stateorprovince,address1_telephone1,customertypecode,customertypecodename,emailaddress1,emailaddress2,emailaddress3,fax,modifiedon,name,nwplv1_parentaccount,nwplv1_parentaccountname,parentaccountid,parentaccountiddsc,parentaccountidname,parentaccountidyominame,primarycontactid,primarycontactiddsc,primarycontactidname,primarycontactidyominame,statecode,statecodename,statuscode,statuscodename,telephone1,telephone2,telephone3,websiteurl
12141,Littleton,United States,NULL,CHI Accounts Payable Support Center,PO Box 636000,NULL,BILL TO,80163,Franciscan Foot & Ankle Specialists,CO,NULL,NULL,NULL,APinvoice@catholichealth.net,NULL,NULL,NULL,2025-02-12 18:01:38,Catholic Health Initiatives,1,Yes,NULL,0,NULL,NULL,NULL,0,NULL,NULL,0,Active,1,Active,(866) 731-3267,NULL,NULL,NULL
12145,Rochester,United States,NULL,Combined Accounts Statement,1255 Portland Ave,NULL,MAIN,14621,NULL,NY,NULL,NULL,NULL,NULL,NULL,NULL,(585) 342-4159,2025-02-12 18:01:38,Podiatry Associates of Rochester,1,Yes,NULL,0,NULL,NULL,NULL,0,NULL,NULL,0,Active,1,Active,(585) 342-8700,NULL,NULL,NULL
12148,Wilmington,United States,NULL,Combined Accounts Statement,1602 Doctors Circle,NULL,MAIN,28401,NULL,NC,NULL,NULL,NULL,NULL,NULL,NULL,NULL,2025-02-12 18:01:38,InStride Summit Podiatry,1,Yes,NULL,0,NULL,NULL,NULL,0,NULL,NULL,0,Active,1,Active,NULL,NULL,NULL,NULL
12149,NULL,United States,NULL,NULL,DO NOT MAIL,NULL,MAIN,NULL,NULL,NULL,NULL,NULL,NULL,NULL,NULL,NULL,(509) 522-1573,2025-02-12 18:01:39,Walla Walla Clinic,1,Yes,NULL,0,NULL,NULL,NULL,0,NULL,NULL,0,Active,1,Active,(509) 525-3720,NULL,NULL,http://www.wallawallaclinic.com/
12336,Bedford,United States,NULL,Combined Accounts Statement,21 Eastman Ave,NULL,MAIN,03110,NULL,NH,NULL,NULL,NULL,NULL,NULL,NULL,(603) 471-9944,2025-02-12 18:01:46,Associates in Podiatry,1,Yes,NULL,0,NULL,NULL,NULL,0,NULL,NULL,0,Active,1,Active,(603) 471-9933,NULL,NULL,NULL
12097,Baton Rouge,United States,NULL,Combined Accounts,5438 O'Donovan Dr. Ste 200,NULL,MAIN,70808,NULL,LA,NULL,NULL,NULL,NULL,footankle5428@yahoo.com,NULL,(225) 757-8875,2025-02-12 18:01:36,Foot & Ankle Institute,1,Yes,NULL,0,NULL,NULL,NULL,0,NULL,NULL,0,Active,1,Active,(225) 757-8808,NULL,NULL,NULL
12154,Peoria,United States,NULL,NULL,"8325 W Happy Valley Rd, Ste 105",NULL,MAIN,85383,NULL,AZ,NULL,2,Clinic,cathy@thunderbirdfootcare.com,NULL,NULL,(602) 547-0473,2025-02-12 18:01:39,"Thunderbird Footcare, PLC",1,Yes,NULL,0,NULL,NULL,NULL,0,NULL,NULL,0,Active,1,Active,(602) 547-2111,NULL,NULL,http://thunderbirdfootcare.com
12158,NULL,United States,NULL,NULL,DO NOT MAIL,NULL,NULL,49423,NULL,NULL,NULL,NULL,NULL,NULL,jank@hollandfoot.com,NULL,NULL,2025-02-12 18:01:39,Holland Foot & Ankle Centers,1,Yes,NULL,0,NULL,NULL,NULL,0,NULL,NULL,0,Active,1,Active,NULL,NULL,NULL,NULL
12162,Winter Haven,United States,NULL,Bond Clinic,Attn:  Accts Payable,500 E Central Ave,BILL TO,33880,Combined Accounts Statement,FL,NULL,NULL,NULL,NULL,NULL,NULL,NULL,2025-02-12 18:01:39,Feldman Foot Clinic,1,Yes,NULL,0,NULL,NULL,NULL,0,NULL,NULL,0,Active,1,Active,NULL,NULL,NULL,NULL
12163,NULL,United States,NULL,NULL,DO NOT MAIL,NULL,MAIN,54701,NULL,NULL,NULL,NULL,NULL,NULL,NULL,NULL,NULL,2025-02-12 18:01:39,Chippewa Valley Orthopedics & Sports Medicine,1,Yes,NULL,0,NULL,NULL,NULL,0,NULL,NULL,0,Active,1,Active,NULL,NULL,NULL,http://www.cvosm.com/
12166,NULL,United States,NULL,Family Foot & Ankle Assoc. of Maryland,DO NOT MAIL,NULL,MAIN,NULL,NULL,MD,NULL,2,Clinic,scohen@marylandfeet.com,NULL,NULL,NULL,2025-02-12 18:01:40,"Drs. Frank, Goldberg & Lowy",1,Yes,NULL,0,NULL,NULL,NULL,0,NULL,NULL,0,Active,1,Active,(301) 924-5044,NULL,NULL,http://www.marylandfeet.com/
12173,New York,United States,NULL,COMBINED ACCOUNTS STATEMENT,"133 East 54th St, Suite 2E",NULL,MAIN,10022,NULL,NY,NULL,NULL,NULL,NULL,NULL,NULL,NULL,2024-11-27 11:57:37,Manhattan Podiatry Assoc.,1,Yes,NULL,0,NULL,NULL,NULL,0,NULL,NULL,0,Active,1,Active,NULL,NULL,NULL,NULL
12176,Stockton,United States,NULL,Combined Accounts Statement,3031 W. March Ln #310 E.,NULL,MAIN,95219,NULL,CA,NULL,NULL,NULL,NULL,NULL,NULL,(209) 472-1203,2016-03-01 11:35:14,Valley Podiatry,1,Yes,NULL,0,NULL,NULL,NULL,0,NULL,NULL,0,Active,1,Active,(209) 472-0800,NULL,NULL,NULL
12183,Lynnwood,United States,NULL,Combined Accounts Statement,PO Box 1746,NULL,MAIN,98046,NULL,WA,NULL,NULL,NULL,NULL,dpmbacerdo@yahoo.com,NULL,NULL,2025-02-12 18:01:41,"Bacerdo, DPM/ Francisco",1,Yes,NULL,0,NULL,NULL,NULL,0,NULL,NULL,0,Active,1,Active,NULL,NULL,NULL,NULL
12184,Bingham Farms,United States,NULL,NULL,"31500 Telegraph Rd, Ste 235",NULL,MAIN,48025,NULL,MI,NULL,NULL,NULL,sheenafootdocs@gmail.com,NULL,NULL,(248) 646-7677,2025-02-12 18:01:41,Footdocs.com PC,1,Yes,NULL,0,NULL,NULL,NULL,0,NULL,NULL,0,Active,1,Active,(248) 646-6882,NULL,NULL,NULL
12367,NULL,United States,NULL,DO NOT MAIL,NULL,NULL,MAIN,NULL,NULL,NULL,NULL,NULL,NULL,NULL,almccalldpm@yahoo.com,NULL,NULL,2025-02-12 18:01:46,Ankle and Foot Clinic of Idaho,1,Yes,NULL,0,NULL,NULL,NULL,0,NULL,NULL,0,Active,1,Active,NULL,NULL,NULL,NULL
12125,Mishawaka,United States,NULL,NULL,DO NOT MAIL,NULL,MAIN,46546-0310,NULL,IN,NULL,3,Hospital,NULL,NULL,NULL,NULL,2025-02-12 18:01:37,"Sisters of St. Francis Health Services, Inc.",1,Yes,NULL,0,NULL,NULL,NULL,0,NULL,NULL,0,Active,1,Active,(574) 254-6206,NULL,NULL,NULL
12251,NULL,United States,NULL,NULL,DO NOT MAIL,NULL,MAIN,NULL,NULL,MI,NULL,NULL,NULL,NULL,NULL,NULL,NULL,2025-02-12 18:01:43,"Foster, DPM/ Lanny",1,Yes,NULL,0,NULL,NULL,NULL,0,NULL,NULL,0,Active,1,Active,NULL,NULL,NULL,NULL
12070,Merrillville,United States,NULL,NULL,NULL,244 E. 90th Drive,BILL TO,46410,Combined Accounts Statement,IN,NULL,NULL,NULL,mmoniak@methodisthospitals.org,footdocs244@sbcglobal.net,NULL,(219) 736-2013,2025-02-12 18:01:36,Methodist Physician Group,1,Yes,NULL,0,NULL,NULL,NULL,0,NULL,NULL,0,Active,1,Active,(219) 736-2010,NULL,NULL,NULL
12500,Westborough,United States,NULL,Combined Accounts Statement,"45 Lyman St, Ste 10",NULL,MAIN,01581,NULL,MA,NULL,NULL,NULL,NULL,NULL,NULL,(508) 836-0282,2016-03-01 11:35:23,"Westborough Podiatry, LLC",1,Yes,NULL,0,NULL,NULL,NULL,0,NULL,NULL,0,Active,1,Active,(508) 836-0200,NULL,NULL,http://www.footdoctorwestborough.com/
12267,Monterey,United States,NULL,Combined Accounts Statement,"12 Upper Ragsdale Dr, Ste A",NULL,BILL TO,93940,NULL,CA,NULL,NULL,NULL,NULL,accounting@msjhealth.com,NULL,(831) 649-6247,2025-02-12 18:01:44,Monterey Spine & Joint,1,Yes,NULL,0,NULL,NULL,NULL,0,NULL,NULL,0,Active,1,Active,(831) 649-3338,NULL,NULL,NULL
12399,Bend,United States,NULL,DO NOT MAIL,NULL,NULL,MAIN,97702,NULL,OR,NULL,2,Clinic,NULL,NULL,NULL,(541) 385-7138,2016-03-01 11:35:21,"Northwest Footcare, LLC",1,Yes,NULL,0,NULL,NULL,NULL,0,NULL,NULL,0,Active,1,Active,(541) 385-7129,NULL,NULL,http://www.nwfootcare.com
12196,NULL,United States,NULL,DO NOT MAIL,NULL,NULL,BILL TO,NULL,NULL,MI,NULL,NULL,NULL,NULL,NULL,NULL,NULL,2025-02-12 18:01:42,Foot & Ankle Specialists of South East Michigan,1,Yes,NULL,0,NULL,NULL,NULL,0,NULL,NULL,0,Active,1,Active,NULL,NULL,NULL,https://www.footandanklesemi.com/
12201,Mansfield,United States,NULL,Combined Accounts Statement,550 S. Trimble Rd.,NULL,BILL TO,44906,NULL,OH,NULL,NULL,NULL,NULL,NULL,NULL,NULL,2016-01-15 15:50:10,Mansfield Foot & Ankle,1,Yes,NULL,0,NULL,NULL,NULL,0,NULL,NULL,0,Active,1,Active,NULL,NULL,NULL,NULL
12202,Madison,United States,NULL,Combined Accounts Statement,"6510 Grand Teton Plz, Ste 406",NULL,BILL TO,53719,NULL,WI,NULL,NULL,NULL,NULL,NULL,NULL,NULL,2016-03-01 11:35:16,Associated Podiatrists,1,Yes,NULL,0,NULL,NULL,NULL,0,NULL,NULL,0,Active,1,Active,(608) 829-2535,NULL,NULL,http://www.madisonpodiatrists.com
12203,Sylvania,United States,NULL,Combined Accounts Statement,5800 Monroe St. Bldg A,NULL,BILL TO,43560,NULL,OH,NULL,NULL,NULL,NULL,NULL,NULL,NULL,2016-03-01 11:35:16,"Drs. Black & Schramm, DPM",1,Yes,NULL,0,NULL,NULL,NULL,0,NULL,NULL,0,Active,1,Active,NULL,NULL,NULL,NULL
12204,Sunnyvale,United States,NULL,Combined Accounts Statement,697 E. Remington Dr. #A,NULL,BILL TO,94087,NULL,CA,NULL,NULL,NULL,NULL,NULL,NULL,NULL,2016-03-01 11:35:16,Remington Podiatry,1,Yes,NULL,0,NULL,NULL,NULL,0,NULL,NULL,0,Active,1,Active,NULL,NULL,NULL,NULL
12133,Springfield,United States,NULL,A/P Shared Services/Mercy Health,PO BOX 10386,NULL,MAIN,65808,NULL,MO,NULL,2,Clinic,apinvoices@mercy.net,NULL,NULL,(417) 820-7100,2025-02-12 18:01:38,Mercy Clinic Springfield Communities,1,Yes,NULL,0,NULL,NULL,NULL,0,NULL,NULL,0,Active,1,Active,(417) 820-7137,NULL,NULL,NULL
12134,Milwaukee,United States,NULL,DO NOT MAIL,Attn:  Accounts Payable,PO BOX 343930,BILL TO,53234,NULL,WI,NULL,2,Clinic,NULL,NULL,NULL,(414) 647-6021,2025-02-12 18:01:38,"Aurora Health Care, Inc.",1,Yes,NULL,0,NULL,NULL,NULL,0,NULL,NULL,0,Active,1,Active,(414) 647-3325 or (414) 647-3430,NULL,NULL,http://www.aurorahealthcare.org
12135,Roseville,United States,NULL,Sutter Health Palo Alto Medical Foundation,Accounts Payable Attn:,PO Box 619110,BILL TO,95661,Combined Accounts Statement,CA,NULL,NULL,NULL,S3vendorinvoices@sutterhealth.org,NULL,NULL,NULL,2025-02-12 18:01:38,Sutter Health - PAMF,1,Yes,NULL,0,NULL,NULL,NULL,0,NULL,NULL,0,Active,1,Active,NULL,NULL,NULL,https://www.sutterhealth.org/pamf/services/podiatric
12217,Troy,United States,NULL,DO NOT MAIL: STMTS EMAILED,Combined Accounts Statement,PO Box 7007,BILL TO,48007,NULL,MI,NULL,2,Clinic,NULL,NULL,NULL,NULL,2025-02-12 18:01:42,Mercy One Northeast Iowa / Trinity Health,1,Yes,NULL,0,NULL,NULL,NULL,0,NULL,NULL,0,Active,1,Active,(319) 272-7620,NULL,NULL,NULL
12230,Binghamton,United States,NULL,Combined Accounts Statement,PO BOX 5215,NULL,BILL TO,13902,NULL,NY,NULL,NULL,NULL,NULL,NULL,NULL,NULL,2025-02-12 18:01:43,United Health Services Podiatry,1,Yes,NULL,0,NULL,NULL,NULL,0,NULL,NULL,0,Active,1,Active,NULL,NULL,NULL,NULL
12000,Boise,United States,NULL,Combined Accounts Statement,Accounts Payable Support Center,190 E Bannock St,BILL TO,83712,NULL,ID,NULL,NULL,NULL,accountspayable@slhs.org,NULL,NULL,(208) 381-4842,2025-02-12 18:01:34,St. Luke's Health System,1,Yes,NULL,0,NULL,NULL,NULL,0,NULL,NULL,0,Active,1,Active,(208) 381-1800,NULL,NULL,http://stlukesonline.org
12319,NULL,United States,NULL,Combined Accounts Statement,DO NOT MAIL,NULL,BILL TO,NULL,NULL,NULL,NULL,NULL,NULL,NULL,alouisville@bellsouth.net,NULL,NULL,2025-02-12 18:01:46,"Wieting, DPM/ Christopher",1,Yes,NULL,0,NULL,NULL,NULL,0,NULL,NULL,0,Active,1,Active,NULL,NULL,NULL,NULL
12323,NULL,United States,NULL,DO NOT MAIL,NULL,NULL,NULL,NULL,NULL,NULL,NULL,NULL,NULL,WhatcomAccountsPayable@peacehealth.org,NULL,NULL,(360) 752-5320,2025-02-12 18:01:46,PeaceHealth St Joseph Medical Center,1,Yes,NULL,0,NULL,NULL,NULL,0,NULL,NULL,0,Active,1,Active,(360) 788-6528,NULL,NULL,NULL
11893,New York,United States,NULL,Combined Accounts Statement,110 Lafayette St #603,NULL,BILL TO,10013,NULL,NY,NULL,NULL,NULL,NULL,NULL,NULL,(212) 274-1172,2016-03-01 11:35:04,Associated Foot & Ankle Specialists,1,Yes,NULL,0,NULL,NULL,NULL,0,NULL,NULL,0,Active,1,Active,(212) 274-9988,NULL,NULL,NULL
11910,Sacramento,United States,NULL,NULL,"3800 J St, Ste 200",NULL,BILL TO,95816,NULL,CA,NULL,2,Clinic,NULL,NULL,NULL,(916) 782-3490,2025-02-12 18:01:32,Capital Foot & Ankle,1,Yes,NULL,0,NULL,NULL,NULL,0,NULL,NULL,0,Active,1,Active,(916) 782-3444,NULL,NULL,http://www.capitalfootankle.com/
11765,Dallas,United States,NULL,Combined Accounts Statement,"Extremity Healthcare, Inc.",PO Box 108,BILL TO,30132,NULL,GA,NULL,2,Clinic,APayable@vpcenters.com,NULL,NULL,(770) 754-9820,2025-02-12 18:01:28,"Village Podiatry Centers, P.C.",1,Yes,NULL,0,NULL,NULL,NULL,0,NULL,NULL,0,Active,1,Active,(770) 754-8011,NULL,NULL,http://www.villagepodiatrycenters.com
11577,Kentwood,United States,NULL,Combined Accounts Statement,Child acct's emailed: DO NOT MAIL,NULL,MAIN,49508,NULL,MI,NULL,NULL,NULL,NULL,NULL,NULL,NULL,2025-02-12 18:01:24,Foot & Ankle Specialists,1,Yes,NULL,0,NULL,NULL,NULL,0,NULL,NULL,0,Active,1,Active,(616) 453-8277,NULL,NULL,http://www.footandankledoctors.com
11756,Yorktown Heights,United States,NULL,Combined Accounts Statement,2050 Saw Mill River Road,NULL,BILL TO,10567,NULL,NY,NULL,2,Clinic,NULL,NULL,NULL,(914) 245-7909,2025-02-12 18:01:28,Hudson Podiatry Assoc PC,1,Yes,NULL,0,NULL,NULL,NULL,0,NULL,NULL,0,Active,1,Active,(914) 245-7888,NULL,NULL,NULL
11759,Tacoma,United States,NULL,Combined Accounts Statement,Accounts Payable,PO Box 2945,BILL TO,98401,NULL,WA,NULL,2,Clinic,accountpayable@healthcarepartners.com,NULL,NULL,(714) 436-4889,2025-02-12 18:01:28,HealthCare Partners,1,Yes,NULL,0,NULL,NULL,NULL,0,NULL,NULL,0,Active,1,Active,(714) 436-4444,NULL,NULL,NULL
11762,Raleigh,United States,NULL,Combined Accounts Statement,3801 Wake Forest Rd,NULL,BILL TO,27609,NULL,NC,NULL,NULL,NULL,NULL,NULL,NULL,NULL,2025-02-12 18:01:28,Foot & Ankle Center,1,Yes,NULL,0,NULL,NULL,NULL,0,NULL,NULL,0,Active,1,Active,(919) 850-9111 ext 10134,NULL,NULL,NULL
11657,Huntington,United States,NULL,NULL,181 Main St,NULL,BILL TO,11743,NULL,NY,NULL,2,Clinic,staceylk3@yahoo.com,NULL,NULL,(516) 484-4229,2025-02-12 18:01:26,Advanced Podiatry,1,Yes,NULL,0,NULL,NULL,NULL,0,NULL,NULL,0,Active,1,Active,(516) 869-3300,NULL,NULL,http://www.lifootcare.com/
11975,Houston,United States,NULL,NULL,"7825 Highway 6 N, Ste 110",NULL,MAIN,77095,NULL,TX,NULL,2,Clinic,NULL,jmldpm1@aol.com,NULL,(281) 463-1035,2025-02-12 18:01:34,"HoustonFootDoctor, PC",1,Yes,NULL,0,NULL,NULL,NULL,0,NULL,NULL,0,Active,1,Active,(281) 463-7208,NULL,NULL,http://www.houstonfootdr.com
11696,Juneau,United States,NULL,NULL,8800 Glacier Hwy Ste #218,NULL,Main,99801,NULL,AK,NULL,NULL,NULL,NULL,NULL,NULL,(907) 789-2925,2022-04-01 10:55:59,Juneau Foot & Ankle,1,Yes,NULL,0,NULL,NULL,NULL,0,NULL,NULL,0,Active,1,Active,(907) 789-0405,NULL,NULL,NULL
11851,Southfield,United States,NULL,Combined Accounts Statement,20555 W 12 Mile Rd,NULL,MAIN,48076,NULL,MI,NULL,2,Clinic,NULL,NULL,NULL,(248) 353-4235,2025-02-12 18:01:31,Geller Foot Clinic,1,Yes,NULL,0,NULL,NULL,NULL,0,NULL,NULL,0,Active,1,Active,(248) 353-0096,NULL,NULL,NULL
13921,Ladera Ranch,NULL,NULL,NULL,"333 Corporate Dr, Ste 230",NULL,MAIN,92694,NULL,CA,NULL,2,Clinic,NULL,rjspencer11@gmail.com,NULL,(949) 364-9250,2024-09-18 10:32:35,Southern California Foot & Ankle Specialists,1,Yes,NULL,0,NULL,NULL,NULL,0,NULL,NULL,0,Active,1,Active,(949) 364-9255,NULL,NULL,http://www.socalfootandankle.com
13195,Fort Worth,NULL,NULL,Combined Accounts Statement,"5801 Oakbend Trl, Ste 140",NULL,BILL TO,76132,NULL,TX,NULL,2,Clinic,NULL,NULL,NULL,(817) 763-9385 or (817) 346-7908,2021-08-19 14:40:09,Trinity Foot & Ankle Specialists,1,Yes,NULL,0,NULL,NULL,NULL,0,NULL,NULL,0,Active,1,Active,(817) 763-9383 or (817) 346-7481,NULL,NULL,NULL
13197,Winter Haven,NULL,NULL,NULL,635 1st St N,NULL,MAIN,33881,NULL,FL,NULL,2,Clinic,NULL,NULL,NULL,(863) 298-3566,2025-02-12 18:02:21,"Gessler Clinic, P.A.",1,Yes,NULL,0,NULL,NULL,NULL,0,NULL,NULL,0,Active,1,Active,(863) 298-3465,NULL,NULL,http://www.gesslerclinic.com
13201,Winfield,NULL,NULL,CDH - Delnor Health System,Attn:  ACCTS Payable Dept,25 N Winfield Rd,MAIN,60190,NULL,IL,NULL,2,Clinic,apinvoice.nm@email.basware.com,NULL,NULL,(630) 933-2683,2025-02-12 18:02:22,Northwestern Medicine,1,Yes,NULL,0,NULL,NULL,NULL,0,NULL,NULL,0,Active,1,Active,(630) 933-6465,NULL,NULL,https://www.nm.org/
13688,NULL,NULL,NULL,NULL,DO NOT MAIL,NULL,MAIN,19805,NULL,DE,NULL,2,Clinic,NULL,NULL,NULL,(302) 658-7646,2025-02-12 18:03:02,Brandywine Podiatry,1,Yes,NULL,0,NULL,NULL,NULL,0,NULL,NULL,0,Active,1,Active,(302) 658-1129,NULL,NULL,http://www.brandywinepodiatry.com
13863,Naples,NULL,NULL,NULL,"681 Goodlette Rd N, Ste 160",NULL,MAIN,34102,NULL,FL,NULL,2,Clinic,info@footandanklemgmt.com,NULL,NULL,(239) 263-8435,2025-02-12 18:03:16,Foot & Ankle Management Group,1,Yes,NULL,0,NULL,NULL,NULL,0,NULL,NULL,0,Active,1,Active,(239) 263-0200,NULL,NULL,http://www.footandanklemgmt.com
13942,NULL,NULL,NULL,NULL,NULL,NULL,NULL,NULL,NULL,NULL,NULL,NULL,NULL,NULL,NULL,NULL,NULL,2025-02-06 09:02:21,OSF HealthCare,1,Yes,NULL,0,NULL,NULL,NULL,0,NULL,NULL,0,Active,1,Active,NULL,NULL,NULL,NULL
13267,Kirkland,NULL,NULL,Mail Stop 13 - A/P,12040 NE 128th St,NULL,BILL TO,98034,(DO NOT MAIL),WA,NULL,2,Clinic,JAFabacher@evergreenhealthcare.org,NULL,NULL,NULL,2025-02-12 18:02:27,Evergreen Healthcare,1,Yes,NULL,0,NULL,NULL,NULL,0,NULL,NULL,0,Active,1,Active,(425) 899-1000,NULL,NULL,https://www.evergreenhealth.com/
13751,Stamford,NULL,NULL,NULL,1100 Bedford St.,NULL,MAIN,06905,NULL,CT,NULL,2,Clinic,NULL,NULL,NULL,NULL,2022-05-09 09:34:39,Preferred Footcare,1,Yes,NULL,0,NULL,NULL,NULL,0,NULL,NULL,0,Active,1,Active,NULL,NULL,NULL,NULL
13770,NULL,NULL,NULL,NULL,NULL,NULL,NULL,NULL,NULL,NULL,NULL,NULL,NULL,SSMAccountsPayable@ssmhealth.com,NULL,NULL,NULL,2025-02-12 18:03:08,SSM Health,1,Yes,NULL,0,NULL,NULL,NULL,0,NULL,NULL,0,Active,1,Active,NULL,NULL,NULL,NULL
13440,Windham,NULL,NULL,NULL,5 Abby Rd,NULL,MAIN,04062,NULL,ME,NULL,2,Clinic,paige.pingitore@gmail.com,NULL,NULL,NULL,2018-07-20 08:34:57,Lake Region Foot & Ankle Center,1,Yes,NULL,0,NULL,NULL,NULL,0,NULL,NULL,0,Active,1,Active,(207) 893-1989,NULL,NULL,http://www.ankleandfootmaine.com/
13446,Seattle,NULL,NULL,NULL,"805 Madison St, Ste 901",NULL,BILL TO,98104,NULL,WA,NULL,2,Clinic,proliancesurgeons@avidbill.com,NULL,NULL,NULL,2025-02-12 18:02:42,"Proliance Surgeons, Inc.",1,Yes,NULL,0,NULL,NULL,NULL,0,NULL,NULL,0,Active,1,Active,NULL,NULL,NULL,NULL
13739,Staples,NULL,NULL,NULL,49725 County 83,NULL,MAIN,56479,NULL,MN,NULL,NULL,NULL,NULL,NULL,NULL,(218) 894-8787,2025-02-12 18:03:06,Lakewood Health System,1,Yes,NULL,0,NULL,NULL,NULL,0,NULL,NULL,0,Active,1,Active,(218) 894-1515,NULL,NULL,http://lakewoodhealthsystem.com/providers/viewprofile/Dave/Schleichert
13415,Farmingdale,NULL,NULL,NULL,308 Main St,NULL,BILL TO,11735,NULL,NY,NULL,1,Sole Practitioner,NULL,russell.volpe@gmail.com,NULL,(516) 429-4932,2018-05-15 17:51:07,"Volpe, DPM/ Russell",1,Yes,NULL,0,NULL,NULL,543BECBA-9D58-E811-BA20-005056995B7E,0,"Russell Volpe, DPM","Russell Volpe, DPM",0,Active,1,Active,(516) 410-4031,NULL,NULL,http://www.pediatricpodiatryny.com/
13419,Portland,NULL,NULL,Combined Accounts Statement,"1717 NE 42nd Ave, Ste 3300",NULL,BILL TO,97213,NULL,OR,NULL,NULL,NULL,NULL,NULL,NULL,(503) 284-2002,2025-02-12 18:02:39,"Eastside Foot and Ankle, LLC",1,Yes,NULL,0,NULL,NULL,NULL,0,NULL,NULL,0,Active,1,Active,(503) 284-2000,NULL,NULL,http://www.eastsidefootankle.com
13525,Rochester,NULL,NULL,Accts Payable Dept 10000,200 1st St SW,NULL,BILL TO,55905,Mayo Foundation,MN,NULL,2,Clinic,dana@nwpodiatric.com,NULL,NULL,NULL,2025-02-12 18:02:48,Mayo Clinic Health System-Eau Claire,1,Yes,NULL,0,NULL,NULL,NULL,0,NULL,NULL,0,Active,1,Active,(507) 266-5551,NULL,NULL,http://dana@nwpodiatric.com
13536,San Leandro,NULL,NULL,NULL,"13847 E. 14th St, Ste 203",NULL,MAIN,94578,NULL,CA,NULL,2,Clinic,NULL,NULL,NULL,(510) 394-6402,2025-02-12 18:02:50,Foot Doctor of the East Bay,1,Yes,NULL,0,NULL,NULL,NULL,0,NULL,NULL,0,Active,1,Active,(510) 483-3390,NULL,NULL,http://www.footdoctoreastbay.com
13330,Beaverton,NULL,NULL,Combined Accounts Statement,9450 SW Gemini Dr #49084,NULL,MAIN,97008,Attn: Accounts Payable,OR,NULL,2,Clinic,AP@villagemd.com,NULL,NULL,(914) 457-1516,2025-02-12 18:02:32,"Village Practice Managment Co, LLC",1,Yes,NULL,0,NULL,NULL,NULL,0,NULL,NULL,0,Active,1,Active,(914) 682-6598,NULL,NULL,http://westmedgroup.com
13332,Manahawkin,NULL,NULL,NULL,"1145 Beacon Ave,  Ste B",NULL,MAIN,08050,NULL,NJ,NULL,2,Clinic,NULL,achillesfeet@hotmail.com,NULL,(609) 978-9902,2021-10-01 08:21:25,Achilles Foot & Ankle Assoc.,1,Yes,NULL,0,NULL,NULL,NULL,0,NULL,NULL,0,Active,1,Active,(609) 597-6688,NULL,NULL,http://www.jeffreymazzattadpm.com/
13357,Spokane,NULL,NULL,Combined Statements Account,"124 E Rowan Ave, Ste 102",NULL,BILL TO,99207,NULL,WA,NULL,2,Clinic,laura@medicalfootcenter.net,NULL,NULL,(509) 484-0336,2025-02-12 18:02:34,Medical Foot Center,1,Yes,NULL,0,NULL,NULL,NULL,0,NULL,NULL,0,Active,1,Active,(509) 327-3363,NULL,NULL,http://www.medicalfootcenter.net/
12956,Everett,United States,NULL,Cascade Foot & Ankle,"3802 Broadway, Ste B",NULL,MAIN,98201,DO NOT MAIL,WA,NULL,NULL,NULL,NULL,NULL,NULL,(425) 259-0856,2025-02-12 18:02:09,"Western Washington Medical Group, Inc.",1,Yes,NULL,0,NULL,NULL,NULL,0,NULL,NULL,0,Active,1,Active,(425) 259-0855,NULL,NULL,http://www.wwmedgroup.com/specialties/podiatry/
12855,New Hyde Park,United States,NULL,Combined Accounts,3003 New Hyde Park Rd,NULL,BILL TO,11042,NULL,NY,NULL,2,Clinic,NULL,NULL,NULL,(516) 492-3516,2023-10-04 14:26:49,FAASNY,1,Yes,NULL,0,NULL,NULL,NULL,0,NULL,NULL,0,Active,1,Active,(516) 492-3515,NULL,NULL,http://www.faasny.com
12654,Salt Lake City,United States,NULL,Combined Accounts,Attn:  Accounts Payable,PO Box 30184,BILL TO,84130,NULL,UT,NULL,2,Clinic,Intermountainap@metasource.com,NULL,NULL,(435) 251-2255,2025-02-12 18:01:57,Intermountain Healthcare,1,Yes,NULL,0,NULL,NULL,NULL,0,NULL,NULL,0,Active,1,Active,(435) 251-2244,NULL,NULL,NULL
12623,Mount Vernon,NULL,NULL,Combined Accounts Statement,Attn:  Finance/AP,PO Box 1376,BILL TO,98273,NULL,WA,NULL,3,Hospital,AP@SkagitValleyHospital.org,wthomas@skagitvalleyhospital.org,NULL,(360) 445-8522,2025-02-12 18:01:56,Skagit Regional Clinic Mt. Vernon,1,Yes,NULL,0,NULL,NULL,NULL,0,NULL,NULL,0,Active,1,Active,(360) 445-8508,NULL,NULL,http://www.skagitvalleyhospital.org
12705,Portland,United States,NULL,DO NOT MAIL,NULL,NULL,MAIN,97206,NULL,OR,NULL,2,Clinic,esthery@lakeoswegofootclinic.com,NULL,NULL,(503) 777-2914,2025-02-12 18:02:00,Ankle & Foot Clinic of Oregon,1,Yes,NULL,0,NULL,NULL,NULL,0,NULL,NULL,0,Active,1,Active,(503) 777-3999,NULL,NULL,http://ankleandfootoregon.com
12875,Voorhees,United States,NULL,Combined Accounts Statement,496 Cooper Rd,NULL,BILL TO,08043,NULL,NJ,NULL,2,Clinic,NULL,lindafoot@aol.com,NULL,(856) 627-7939,2025-02-12 18:02:07,St. Martin/Ng,1,Yes,NULL,0,NULL,NULL,NULL,0,NULL,NULL,0,Active,1,Active,(856) 783-9690,NULL,NULL,NULL
13177,Lawrenceburg,United States,NULL,Combined Accounts Statement,131 Walnut St,NULL,MAIN,47025,NULL,IN,NULL,2,Clinic,NULL,NULL,NULL,(812) 537-4373,2025-02-12 18:02:20,Centers for Foot and Ankle Care,1,Yes,NULL,0,NULL,NULL,NULL,0,NULL,NULL,0,Active,1,Active,(812) 537-4848,NULL,NULL,http://www.cfac.net
12966,St Thomas,United States,NULL,NULL,PO Box 302178,NULL,BILL TO,00803,NULL,VI,NULL,2,Clinic,finance@therapyworksvi.com,jsmith@therapyworksvi.com,NULL,(340) 715-4678,2025-02-12 18:02:10,"Therapy Works, LLC, BVI & VG",1,Yes,NULL,0,NULL,NULL,NULL,0,NULL,NULL,0,Active,1,Active,(340) 779-4678,NULL,NULL,http://www.therapyworksvi.com
12975,Wenatchee,United States,NULL,Combined Accounts Statement,616 N Chelan Ave,NULL,MAIN,98801,NULL,WA,NULL,2,Clinic,NULL,NULL,NULL,(509) 665-9808,2025-02-12 18:02:11,Foot & Ankle Ctr of Wenatchee,1,Yes,NULL,0,NULL,NULL,NULL,0,NULL,NULL,0,Active,1,Active,(509) 662-2970,NULL,NULL,http://www.footandankleofwenatchee.com/
12983,Richfield,United States,NULL,Combined Accounts:  DO NOT MAIL,879 N Main St,NULL,MAIN,84701,NULL,UT,NULL,NULL,NULL,NULL,zobell91@gmail.com,NULL,(435) 896-9564,2025-02-12 18:02:11,Zobell/Mt Utah Family Medicine,1,Yes,NULL,0,NULL,NULL,NULL,0,NULL,NULL,0,Active,1,Active,(435) 896-6497,NULL,NULL,NULL
13103,NULL,United States,NULL,DO NOT MAIL,NULL,NULL,MAIN,NULL,NULL,NULL,NULL,NULL,NULL,NULL,kicktuews@aol.com,NULL,NULL,2025-02-12 18:02:16,"Lerman, DPM/ Bruce I.",1,Yes,NULL,0,NULL,NULL,NULL,0,NULL,NULL,0,Active,1,Active,NULL,NULL,NULL,NULL
13154,NULL,United States,NULL,NULL,NULL,NULL,NULL,NULL,NULL,NULL,NULL,NULL,NULL,NULL,NULL,NULL,NULL,2025-02-12 18:02:18,"Lawrin, DPM/ Oleh R.",1,Yes,NULL,0,NULL,NULL,NULL,0,NULL,NULL,0,Active,1,Active,NULL,NULL,NULL,NULL
13172,Salt Lake City,United States,NULL,Attn: Accounts Payable,PO Box 31320,NULL,BILL TO,84131,NULL,UT,NULL,2,Clinic,mercyhealth@ghxinvoicing.com,NULL,NULL,(608) 756-7233,2025-02-12 18:02:19,Mercy Health System,1,Yes,NULL,0,NULL,NULL,NULL,0,NULL,NULL,0,Active,1,Active,(608) 756-7299,NULL,NULL,NULL
13175,NULL,United States,NULL,NULL,NULL,NULL,NULL,NULL,NULL,NULL,NULL,2,Clinic,gsalk@hotmail.com,NULL,NULL,(415) 565-0296,2025-02-12 18:02:19,Nor. Cal. Foot & Ankle Ctr.,1,Yes,NULL,0,NULL,NULL,NULL,0,NULL,NULL,0,Active,1,Active,(415) 565-0200,NULL,NULL,NULL
7949,Yokohama,"                    ","                     ",GLP Ayase,5F Shinyokohama No. 3 Tosho Bldg,"                                                  ",BILL TO,222-0033,"                                                             ",Kanagawa-ken,"                     ",4,Distributor,cs-nwpl@nwpl-jp.com,impact@yk.rim.or.jp,NULL,+81-467-84-9713,2025-02-12 18:04:58,Impact Trading Co. Ltd.,1,Yes,NULL,0,NULL,NULL,NULL,0,NULL,NULL,0,Active,1,Active,+81-467-84-9712,NULL,NULL,NULL
1808,Blaine,"                    ",(360)332-5306,Northwest Podiatric Lab,1091 Fir Avenue,NULL,"MAIN      ",98230,NULL,"WA                           ",(360)332-8411,2,Clinic,info@nwpodiatric.com,NULL,NULL,(360) 332-5306,2025-02-12 18:03:30,Northwest Podiatric Lab,1,Yes,NULL,0,NULL,NULL,NULL,0,NULL,NULL,0,Active,1,Active,(360) 332-8411,NULL,NULL,NULL
8898,Pismo Beach,"                    ",(805)481-9199,Combined Accounts Statement,"911 Oak Park Blvd, Ste 106","                                                  ",MAIN,93449,"                                                             ","CA                           ",(805)481-9100,1,Sole Practitioner,NULL,NULL,NULL,(805) 481-9199,2025-02-12 18:05:07,Five Cities Foot Clinic,1,Yes,NULL,0,NULL,NULL,NULL,0,NULL,NULL,0,Active,1,Active,(805) 481-9100,NULL,NULL,NULL
2686,Lansing,"                    ",(517)485-7301,Combined Accounts Statement,3802 W Kalamazoo St.,"                                                  ",BILL TO,"48917      ","                                                             ","MI                           ",(517)485-7300,2,Clinic,NULL,deltafootcare@sbcglobal.net,NULL,(517) 485-7301,2025-02-12 18:03:43,"Delta Foot Care, PC",1,Yes,NULL,0,NULL,NULL,NULL,0,NULL,NULL,0,Active,1,Active,(517) 485-7300,NULL,NULL,http://www.deltafootcare.com/
2522,NULL,"USA                 ",(818)701-6418,DO NOT MAIL,NULL,"                                                  ",BILL TO,NULL,"                                                             ",CA,(818)701-6900,1,Sole Practitioner,NULL,NULL,NULL,(818) 701-6418,2025-02-12 18:03:41,Foot Specialist of N.Ridge,1,Yes,NULL,0,NULL,NULL,NULL,0,NULL,NULL,0,Active,1,Active,(818) 701-6900,NULL,NULL,NULL
1990,Salt Lake City,"                    ","                     ",Combined Accounts Statement,82 South 1100 East #301,NULL,BILL TO,84102,NULL,UT,(801)363-2543,1,Sole Practitioner,NULL,advancedfootandankle@gmail.com,NULL,(801) 505-5280,2025-02-12 18:03:34,Advanced Foot and Ankle Center,1,Yes,NULL,0,NULL,NULL,NULL,0,NULL,NULL,0,Active,1,Active,(801) 505-5277,NULL,NULL,http://afacutah.com
