<?xml version="1.0" encoding="utf-8" ?>
<odoo>
<data>

    <!-- Image Lines -->

    <record id="config_image_1" model="product.config.image">
        <field name="name">Coupé Red</field>
        <field name="product_tmpl_id" ref="bmw_2_series" />
        <field
                name="image_1920"
                type="base64"
                file="podiatry/static/img/2-series-coupe.jpg"
            />
        <field
                name="value_ids"
                eval="[(6,0,[
            ref('product_attribute_value_red')
        ])]"
            />
    </record>

    <record id="config_image_2" model="product.config.image">
        <field name="name">Coupé Silver</field>
        <field name="product_tmpl_id" ref="bmw_2_series" />
        <field
                name="image_1920"
                type="base64"
                file="podiatry/static/img/2-series-coupe-silver.jpg"
            />
        <field
                name="value_ids"
                eval="[(6,0,[
            ref('product_attribute_value_silver')
        ])]"
            />
    </record>

    <record id="config_image_3" model="product.config.image">
        <field name="name">Coupé Black</field>
        <field name="product_tmpl_id" ref="bmw_2_series" />
        <field
                name="image_1920"
                type="base64"
                file="podiatry/static/img/2-series-coupe-black.jpg"
            />
        <field
                name="value_ids"
                eval="[(6,0,[
            ref('product_attribute_value_black')
        ])]"
            />
    </record>

    <record id="config_image_5" model="product.config.image">
        <field name="name">Coupé Red Rims 384</field>
        <field name="product_tmpl_id" ref="bmw_2_series" />
        <field
                name="image_1920"
                type="base64"
                file="podiatry/static/img/2-series-coupe-red-star-spoke-384.jpg"
            />
        <field
                name="value_ids"
                eval="[(6,0,[
            ref('product_attribute_value_red'),
            ref('product_attribute_value_rims_384'),
        ])]"
            />
    </record>

    <record id="config_image_6" model="product.config.image">
        <field name="name">Coupé Red Rims 387</field>
        <field name="product_tmpl_id" ref="bmw_2_series" />
        <field
                name="image_1920"
                type="base64"
                file="podiatry/static/img/2-series-coupe-red-star-spoke-387.jpg"
            />
        <field
                name="value_ids"
                eval="[(6,0,[
            ref('product_attribute_value_red'),
            ref('product_attribute_value_rims_387'),
        ])]"
            />
    </record>

    <record id="config_image_7" model="product.config.image">
        <field name="name">Coupé Silver Rims 384</field>
        <field name="product_tmpl_id" ref="bmw_2_series" />
        <field
                name="image_1920"
                type="base64"
                file="podiatry/static/img/2-series-coupe-silver-star-spoke-384.jpg"
            />
        <field
                name="value_ids"
                eval="[(6,0,[
            ref('product_attribute_value_silver'),
            ref('product_attribute_value_rims_384'),
        ])]"
            />
    </record>

    <record id="config_image_8" model="product.config.image">
        <field name="name">Coupé Silver Rims 387</field>
        <field name="product_tmpl_id" ref="bmw_2_series" />
        <field
                name="image_1920"
                type="base64"
                file="podiatry/static/img/2-series-coupe-silver-star-spoke-387.jpg"
            />
        <field
                name="value_ids"
                eval="[(6,0,[
            ref('product_attribute_value_silver'),
            ref('product_attribute_value_rims_387'),
        ])]"
            />
    </record>

    <record id="config_image_9" model="product.config.image">
        <field name="name">Coupé Black Rims 384</field>
        <field name="product_tmpl_id" ref="bmw_2_series" />
        <field
                name="image_1920"
                type="base64"
                file="podiatry/static/img/2-series-coupe-black-star-spoke-384.jpg"
            />
        <field
                name="value_ids"
                eval="[(6,0,[
            ref('product_attribute_value_black'),
            ref('product_attribute_value_rims_384'),
        ])]"
            />
    </record>

    <record id="config_image_10" model="product.config.image">
        <field name="name">Coupé Black Rims 387</field>
        <field name="product_tmpl_id" ref="bmw_2_series" />
        <field
                name="image_1920"
                type="base64"
                file="podiatry/static/img/2-series-coupe-black-star-spoke-387.jpg"
            />
        <field
                name="value_ids"
                eval="[(6,0,[
            ref('product_attribute_value_black'),
            ref('product_attribute_value_rims_387'),
        ])]"
            />
    </record>

</data>
</odoo>
