<?xml version="1.0" encoding="utf-8"?>
<odoo>
    <data noupdate="1">

        <!--sequence for patient-->
        <record id="sequence_podiatry_patient" model="ir.sequence">
            <field name="name">Patient ID</field>
            <field name="code">podiatry.patient</field>
            <field name="prefix">PID</field>
            <field name="padding">6</field>
            <!-- <field name="company_id" eval="False"/> -->
        </record>

        <!--sequence for practice-->
        <record id="sequence_podiatry_practice" model="ir.sequence">
            <field name="name">Practice ID</field>
            <field name="code">podiatry.practice</field>
            <field name="prefix">ID</field>
            <field name="padding">6</field>
        </record>

        <!--sequence for practitioner-->
        <record id="sequence_podiatry_practitioner" model="ir.sequence">
            <field name="name">Practitioner ID</field>
            <field name="code">podiatry.practitioner</field>
            <field name="prefix">ID</field>
            <field name="padding">6</field>
        </record>

        <!--sequence for prescription-->
        <record id="sequence_podiatry_prescription" model="ir.sequence">
            <field name="name">Prescription Sequence</field>
            <field name="code">podiatry.prescription</field>
            <field name="prefix">Rx ID: %(y)s%(month)s-</field>
            <field name="padding">4</field>
            <field name="company_id" eval="False"/>
        </record>

        <!--sequence for prescription-->
        <record id="prescription_invoice_sequence" model="ir.sequence">
            <field name="name">Prescription Invoice</field>
            <field name="code">pres_inv_seq</field>
            <field name="prefix">PRES/INV/</field>
            <field name="padding">4</field>
        </record>

        <!-- <record id="podiatry_product" model="product.product">
            <field name="name">Extra charges</field>
            <field name="standard_price">0</field>
            <field name="list_price">0</field>
            <field name="type">service</field>
        </record> -->

        <!-- <record id="seq_pod_prescription" model="ir.sequence">
            <field name="name">prescription Sequence</field>
            <field name="code">pod.prescription</field>
            <field name="prefix">RX</field>
            <field name="padding">5</field>
            <field name="company_id" eval="False"/>
        </record> -->

        <!-- <record id="device_config_one" model="device.type">
            <field name="name">Custom Device</field>
        </record>
        <record id="device_config_two" model="device.type">
            <field name="name">OTC Device</field>
        </record>
        <record id="device_config_three" model="device.type">
            <field name="name">Brace</field>
        </record>

        <record id="podiatry_product" model="product.product">
            <field name="name">Extra charges</field>
            <field name="standard_price">0</field>
            <field name="list_price">0</field>
            <field name="type">service</field>
        </record> -->


    </data>
</odoo>
