<?xml version="1.0" encoding="utf-8" ?>
<odoo>
<data>

    <menuitem
            id="menu_product_configurable"
            name="Configurator"
            web_icon="podiatry,static/description/icon.png"
            sequence="20"
            groups="podiatry.group_podiatry_manager"
        />
    <menuitem
            id="menu_product_configurable_product_main"
            name="Configurable Products"
            parent="menu_product_configurable"
            sequence="10"
        />
    <menuitem
            id="menu_product_configurable_settings"
            name="Configuration"
            parent="menu_product_configurable"
            sequence="20"
        />

    <record id="product_configurable_template_action" model="ir.actions.act_window">
        <field name="name">Configurable Templates</field>
        <field name="type">ir.actions.act_window</field>
        <field name="res_model">product.template</field>
        <field name="view_mode">kanban,tree,form</field>
        <field name="view_id" ref="product.product_template_kanban_view" />
        <field
                name="context"
            >{'default_config_ok': True, 'custom_create_variant': True, 'search_default_filter_config_ok': 1}</field>
    </record>

    <menuitem
            action="product_configurable_template_action"
            id="menu_product_configurable_template_action"
            parent="menu_product_configurable_product_main"
            sequence="20"
        />

    <record id="product_configurable_variant_action" model="ir.actions.act_window">
        <field name="name">Configured Variants</field>
        <field name="type">ir.actions.act_window</field>
        <field name="res_model">product.product</field>
        <field name="view_mode">kanban,form,tree</field>
        <field name="search_view_id" ref="product.product_search_form_view" />
        <field name="view_id" eval="False" /> <!-- Force empty -->
        <field
                name="context"
            >{'default_config_ok': True, 'custom_create_variant': True, 'search_default_filter_config_ok': 1}</field>
    </record>

    <menuitem
            id="menu_product_configurable_variants_action"
            action="product_configurable_variant_action"
            name="Configurable Variants"
            parent="menu_product_configurable_product_main"
            sequence="25"
        />

    <record
            id="action_podiatry_configuration"
            model="ir.actions.act_window"
        >
        <field name="name">Settings</field>
        <field name="type">ir.actions.act_window</field>
        <field name="res_model">res.config.settings</field>
        <field name="view_mode">form</field>
        <field name="target">inline</field>
        <field
                name="view_id"
                ref="podiatry.configurator_settings_view_form"
            />
        <field name="context">{'module' : 'podiatry'}</field>
    </record>

    <menuitem
            id="menu_action_podiatry_configuration"
            action="action_podiatry_configuration"
            name="Settings"
            active="False"
            parent="menu_product_configurable_settings"
            sequence="0"
        />

    <record id="product_config_steps_action" model="ir.actions.act_window">
        <field name="name">Configuration Steps</field>
        <field name="type">ir.actions.act_window</field>
        <field name="res_model">product.config.step</field>
        <field name="view_mode">tree,form</field>
    </record>

    <menuitem
            id="menu_product_config_steps_action"
            action="product_config_steps_action"
            name="Configuration Steps"
            parent="menu_product_configurable_settings"
            sequence="30"
        />

    <record id="product_config_domain_action" model="ir.actions.act_window">
        <field name="name">Configuration Restrictions</field>
        <field name="type">ir.actions.act_window</field>
        <field name="res_model">product.config.domain</field>
        <field name="view_mode">tree,form</field>
    </record>

    <menuitem
            id="menu_product_config_domain_action"
            action="product_config_domain_action"
            name="Configuration Restrictions"
            parent="menu_product_configurable_settings"
            sequence="40"
        />

    <record id="product_config_session" model="ir.actions.act_window">
        <field name="name">Configuration Sessions</field>
        <field name="type">ir.actions.act_window</field>
        <field name="res_model">product.config.session</field>
        <field name="view_mode">tree,form</field>
    </record>

    <menuitem
            id="menu_product_config_session"
            action="product_config_session"
            name="Configuration Sessions"
            parent="menu_product_configurable_settings"
            sequence="50"
        />

</data>
</odoo>
