<?xml version="1.0" encoding="utf-8" ?>
<odoo>
    <data>

        <record id="product_config_category" model="ir.module.category">
            <field name="name">Product Configurator</field>
        </record>

        <record id="group_podiatry" model="res.groups">
            <field name="name">User</field>
            <field name="category_id" ref="product_config_category" />
            <field
                name="implied_ids"
                eval="[(4, ref('product.group_product_variant'))]"
            />
        </record>

        <record id="group_podiatry_manager" model="res.groups">
            <field name="name">Manager</field>
            <field name="category_id" ref="product_config_category" />
            <field
                name="implied_ids"
                eval="[(4, ref('podiatry.group_podiatry'))]"
            />
            <field name="users" eval="[(4, ref('base.user_admin'))]" />
        </record>

        <!-- Set default to all employees -->
        <record model="res.groups" id="base.group_user">
            <field
                name="implied_ids"
                eval="[(4, ref('podiatry.group_podiatry'))]"
            />
        </record>
        <record model="res.users" id="base.user_root">
            <field
                eval="[(4, ref('podiatry.group_podiatry_manager'))]"
                name="groups_id"
            />
        </record>

    </data>
</odoo>
