<?xml version="1.0" encoding="utf-8"?>
<odoo>
    <data noupdate="1">

        <!--
        resource.resource
        -->
        <record id="access_resource_resource_group_manager" model="ir.model.access">
            <field name="name">access.resource.resource.podiatry.group.manager</field>
            <field name="model_id" ref="resource.model_resource_resource"/>
            <field name="group_id" ref="group_manager"/>
            <field name="perm_read" eval="1"/>
            <field name="perm_create" eval="1"/>
            <field name="perm_write" eval="1"/>
            <field name="perm_unlink" eval="1"/>
        </record>

        <!--
        podiatry.practitioner
        -->
        <record id="access_podiatry_practitioner_group_manager" model="ir.model.access">
            <field name="name">access.podiatry.practitioner.group.manager</field>
            <field name="model_id" ref="model_podiatry_practitioner"/>
            <field name="group_id" ref="podiatry.group_manager"/>
            <field name="perm_read" eval="1"/>
            <field name="perm_create" eval="1"/>
            <field name="perm_write" eval="1"/>
            <field name="perm_unlink" eval="1"/>
        </record>

        <record id="access_podiatry_practitioner_group_user" model="ir.model.access">
            <field name="name">access.podiatry.practitioner.group.user</field>
            <field name="model_id" ref="model_podiatry_practitioner"/>
            <field name="group_id" ref="podiatry.group_user"/>
            <field name="perm_read" eval="1"/>
            <field name="perm_create" eval="0"/>
            <field name="perm_write" eval="0"/>
            <field name="perm_unlink" eval="0"/>
        </record>


        <!--
        podiatry.patient
        -->
        <record id="access_podiatry_patient_group_manager" model="ir.model.access">
            <field name="name">access.podiatry.patient.group.manager</field>
            <field name="model_id" ref="model_podiatry_patient"/>
            <field name="group_id" ref="group_manager"/>
            <field name="perm_read" eval="1"/>
            <field name="perm_create" eval="1"/>
            <field name="perm_write" eval="1"/>
            <field name="perm_unlink" eval="1"/>
        </record>

        <record id="access_podiatry_patient_group_user" model="ir.model.access">
            <field name="name">access.podiatry.patient.group.user</field>
            <field name="model_id" ref="model_podiatry_patient"/>
            <field name="group_id" ref="group_user"/>
            <field name="perm_read" eval="1"/>
            <field name="perm_create" eval="1"/>
            <field name="perm_write" eval="1"/>
            <field name="perm_unlink" eval="0"/>
        </record>

        <!--
        podiatry.patient.shoe_size
        -->
        <record id="access_podiatry_patient_shoe_size_group_manager" model="ir.model.access">
            <field name="name">access.podiatry.patient.shoe_size.group.manager</field>
            <field name="model_id" ref="model_podiatry_patient_shoe_size"/>
            <field name="group_id" ref="group_manager"/>
            <field name="perm_read" eval="1"/>
            <field name="perm_create" eval="1"/>
            <field name="perm_write" eval="1"/>
            <field name="perm_unlink" eval="1"/>
        </record>

        <record id="access_podiatry_patient_shoe_size_group_user" model="ir.model.access">
            <field name="name">access.podiatry.patient.shoe_size.group.user</field>
            <field name="model_id" ref="model_podiatry_patient_shoe_size"/>
            <field name="group_id" ref="group_user"/>
            <field name="perm_read" eval="1"/>
            <field name="perm_create" eval="1"/>
            <field name="perm_write" eval="1"/>
            <field name="perm_unlink" eval="0"/>
        </record>

        <!--
        podiatry.patient.diagnosis
        -->
        <record id="access_podiatry_patient_diagnosis_group_manager" model="ir.model.access">
            <field name="name">access.podiatry.patient.diagnosis.group.manager</field>
            <field name="model_id" ref="model_podiatry_patient_diagnosis"/>
            <field name="group_id" ref="group_manager"/>
            <field name="perm_read" eval="1"/>
            <field name="perm_create" eval="1"/>
            <field name="perm_write" eval="1"/>
            <field name="perm_unlink" eval="1"/>
        </record>

        <record id="access_podiatry_patient_diagnosis_group_user" model="ir.model.access">
            <field name="name">access.podiatry.patient.diagnosis.group.user</field>
            <field name="model_id" ref="model_podiatry_patient_diagnosis"/>
            <field name="group_id" ref="group_user"/>
            <field name="perm_read" eval="1"/>
            <field name="perm_create" eval="1"/>
            <field name="perm_write" eval="1"/>
            <field name="perm_unlink" eval="0"/>
        </record>

        <!--
        podiatry.patient.weight
        -->
        <record id="access_podiatry_patient_weight_group_manager" model="ir.model.access">
            <field name="name">access.podiatry.patient.weight.group.manager</field>
            <field name="model_id" ref="model_podiatry_patient_weight"/>
            <field name="group_id" ref="group_manager"/>
            <field name="perm_read" eval="1"/>
            <field name="perm_create" eval="1"/>
            <field name="perm_write" eval="1"/>
            <field name="perm_unlink" eval="1"/>
        </record>

        <record id="access_podiatry_patient_weight_group_user" model="ir.model.access">
            <field name="name">access.podiatry.patient.weight.group.user</field>
            <field name="model_id" ref="model_podiatry_patient_weight"/>
            <field name="group_id" ref="group_user"/>
            <field name="perm_read" eval="1"/>
            <field name="perm_create" eval="1"/>
            <field name="perm_write" eval="1"/>
            <field name="perm_unlink" eval="0"/>
        </record>

        <!--
        podiatry.practice
        -->
        <record id="access_podiatry_practice_group_manager" model="ir.model.access">
            <field name="name">access.podiatry.practice.group.manager</field>
            <field name="model_id" ref="model_podiatry_practice"/>
            <field name="group_id" ref="podiatry.group_manager"/>
            <field name="perm_read" eval="1"/>
            <field name="perm_create" eval="1"/>
            <field name="perm_write" eval="1"/>
            <field name="perm_unlink" eval="1"/>
        </record>

        <record id="access_podiatry_practice_group_user" model="ir.model.access">
            <field name="name">access.podiatry.practice.group.user</field>
            <field name="model_id" ref="model_podiatry_practice"/>
            <field name="group_id" ref="podiatry.group_user"/>
            <field name="perm_read" eval="1"/>
            <field name="perm_create" eval="0"/>
            <field name="perm_write" eval="0"/>
            <field name="perm_unlink" eval="0"/>
        </record>

        <!--
        podiatry.type
        -->
        <record id="access_podiatry_type_group_manager" model="ir.model.access">
            <field name="name">access.podiatry.type.group.manager</field>
            <field name="model_id" ref="model_podiatry_type"/>
            <field name="group_id" ref="podiatry.group_manager"/>
            <field name="perm_read" eval="1"/>
            <field name="perm_create" eval="1"/>
            <field name="perm_write" eval="1"/>
            <field name="perm_unlink" eval="1"/>
        </record>

        <record id="access_podiatry_type_group_user" model="ir.model.access">
            <field name="name">access.podiatry.type.group.user</field>
            <field name="model_id" ref="model_podiatry_type"/>
            <field name="group_id" ref="podiatry.group_user"/>
            <field name="perm_read" eval="1"/>
            <field name="perm_create" eval="0"/>
            <field name="perm_write" eval="0"/>
            <field name="perm_unlink" eval="0"/>
        </record>

        <!--
        podiatry.prescription
        -->
        <record id="access_podiatry_prescription_group_manager" model="ir.model.access">
            <field name="name">access.podiatry.prescription.group.manager</field>
            <field name="model_id" ref="model_podiatry_prescription"/>
            <field name="group_id" ref="group_manager"/>
            <field name="perm_read" eval="1"/>
            <field name="perm_create" eval="1"/>
            <field name="perm_write" eval="1"/>
            <field name="perm_unlink" eval="1"/>
        </record>

        <record id="access_podiatry_prescription_group_user" model="ir.model.access">
            <field name="name">access.podiatry.prescription.group.user</field>
            <field name="model_id" ref="model_podiatry_prescription"/>
            <field name="group_id" ref="group_user"/>
            <field name="perm_read" eval="1"/>
            <field name="perm_create" eval="1"/>
            <field name="perm_write" eval="1"/>
            <field name="perm_unlink" eval="0"/>
        </record>

        <!--
        podiatry.prescription.line
        -->
        <record id="access_podiatry_prescription_line_group_manager" model="ir.model.access">
            <field name="name">access.podiatry.prescription.line.group.manager</field>
            <field name="model_id" ref="model_podiatry_prescription_line"/>
            <field name="group_id" ref="group_manager"/>
            <field name="perm_read" eval="1"/>
            <field name="perm_create" eval="1"/>
            <field name="perm_write" eval="1"/>
            <field name="perm_unlink" eval="1"/>
        </record>

        <record id="access_podiatry_prescription_line_group_user" model="ir.model.access">
            <field name="name">access.podiatry.prescription.line.group.user</field>
            <field name="model_id" ref="model_podiatry_prescription_line"/>
            <field name="group_id" ref="group_user"/>
            <field name="perm_read" eval="1"/>
            <field name="perm_create" eval="1"/>
            <field name="perm_write" eval="1"/>
            <field name="perm_unlink" eval="0"/>
        </record>

        <!--
        podiatry.prescription.stage
        -->
        <record id="access_podiatry_prescription_stage_group_manager" model="ir.model.access">
            <field name="name">access.podiatry.prescription.stage.group.manager</field>
            <field name="model_id" ref="model_podiatry_prescription_stage"/>
            <field name="group_id" ref="group_manager"/>
            <field name="perm_read" eval="1"/>
            <field name="perm_create" eval="1"/>
            <field name="perm_write" eval="1"/>
            <field name="perm_unlink" eval="1"/>
        </record>

        <record id="access_podiatry_prescription_stage_group_user" model="ir.model.access">
            <field name="name">access.podiatry.prescription.stage.group.user</field>
            <field name="model_id" ref="model_podiatry_prescription_stage"/>
            <field name="group_id" ref="group_user"/>
            <field name="perm_read" eval="1"/>
            <field name="perm_create" eval="1"/>
            <field name="perm_write" eval="1"/>
            <field name="perm_unlink" eval="0"/>
        </record>

        <!--
        'podiatry.prescription.massmessage'
        -->

        <record id="access_podiatry_prescription_massmessage_user" model="ir.model.access">
            <field name="name">access.podiatry.prescription.massmessage.group.user</field>
            <field name="model_id" ref="model_podiatry_prescription_massmessage"/>
            <field name="group_id" ref="group_user"/>
            <field name="perm_read" eval="1"/>
            <field name="perm_create" eval="1"/>
            <field name="perm_write" eval="1"/>
            <field name="perm_unlink" eval="1"/>
        </record>

        <!--
        create.prescription.invoice
        -->

        <record id="access_create_prescription_invoice_group_manager" model="ir.model.access">
            <field name="name">access.create.prescription.invoice.group.manager</field>
            <field name="model_id" ref="model_create_prescription_invoice"/>
            <field name="group_id" ref="group_manager"/>
            <field name="perm_read" eval="1"/>
            <field name="perm_create" eval="1"/>
            <field name="perm_write" eval="1"/>
            <field name="perm_unlink" eval="1"/>
        </record>

        <record id="access_create_prescription_invoice_group_user" model="ir.model.access">
            <field name="name">access.create.prescription.invoice.group.user</field>
            <field name="model_id" ref="model_create_prescription_invoice"/>
            <field name="group_id" ref="group_user"/>
            <field name="perm_read" eval="1"/>
            <field name="perm_create" eval="1"/>
            <field name="perm_write" eval="1"/>
            <field name="perm_unlink" eval="0"/>
        </record>


        <!--
        'create.prescription.shipment'
        -->

        <record id="access_create_prescription_shipment_group_manager" model="ir.model.access">
            <field name="name">access.create.prescription.shipment.group.manager</field>
            <field name="model_id" ref="model_create_prescription_shipment"/>
            <field name="group_id" ref="group_manager"/>
            <field name="perm_read" eval="1"/>
            <field name="perm_create" eval="1"/>
            <field name="perm_write" eval="1"/>
            <field name="perm_unlink" eval="1"/>
        </record>

        <record id="access_create_prescription_shipment_group_user" model="ir.model.access">
            <field name="name">access.create.prescription.shipment.group.user</field>
            <field name="model_id" ref="model_create_prescription_shipment"/>
            <field name="group_id" ref="group_user"/>
            <field name="perm_read" eval="1"/>
            <field name="perm_create" eval="1"/>
            <field name="perm_write" eval="1"/>
            <field name="perm_unlink" eval="0"/>
        </record>


    </data>
</odoo>
