<?xml version="1.0" encoding="utf-8"?>
<odoo>
    <data noupdate="1">

        <!--
        User: general user
        -->
        <record id="group_user" model="res.groups">
            <field name="name">User</field>
            <field name="category_id" ref="module_category_health_care_patients"/>
            <field name="implied_ids" eval="[(6, 0, [ref('base.group_user')])]"/>
            <field name="comment">The user will be able to access the patients app.</field>
        </record>

        <!--
        Manager: administrative access & technical features
        -->
        <record id="group_manager" model="res.groups">
            <field name="name">Manager</field>
            <field name="category_id" ref="module_category_health_care_patients"/>
            <field name="implied_ids" eval="[(4, ref('group_user'))]"/>
            <field name="users" eval="[(4, ref('base.user_root')), (4, ref('base.user_admin'))]"/>
            <field name="comment">The manager will be able to access the patients configuration and statistical reports.</field>
        </record>

    </data>
</odoo>
